{
  "test/integration/pages/RiskObjectPage.js.map": 1721650211303,
  "test/integration/pages/RiskList.js": 1721640064895,
  "test/integration/pages/RiskObjectPage.js": 1721640064895,
  "test/integration/opaTests.qunit.js": 1721640064895,
  "test/integration/FirstJourney.js": 1721640064899,
  "test/testsuite.qunit.js": 1721640064887,
  "xs-app.json": 1721650198117,
  "manifest.json": 1721647557433,
  "Component.js": 1721640064843,
  "test/testsuite.qunit-dbg.js": 1721640064887,
  "test/testsuite.qunit.js.map": 1721650211303,
  "test/integration/pages/RiskObjectPage-dbg.js": 1721640064895,
  "i18n/i18n.properties": 1721640088655,
  "test/integration/opaTests.qunit-dbg.js": 1721640064895,
  "test/integration/opaTests.qunit.js.map": 1721650211304,
  "test/integration/FirstJourney-dbg.js": 1721640064899,
  "test/integration/FirstJourney.js.map": 1721650211305,
  "test/integration/pages/RiskList-dbg.js": 1721640064895,
  "test/integration/pages/RiskList.js.map": 1721650211304,
  "Component-dbg.js": 1721640064843,
  "Component.js.map": 1721650211305,
  "Component-preload.js": 1721650211375,
  "Component-preload.js.map": 1721650211375,
  "test/integration/opaTests.qunit.html": 1721640064895,
  "test/testsuite.qunit.html": 1721640064875,
  "test/flpSandbox.html": 1721640064875,
  "index.html": 1721640064843
}